Word,Frequency
look,42
beautiful,35
place,21
architecture,20
visit,12
clean,12
nice,12
city,11
interesting,11
beach,10
water,9
view,7
experience,7
amazing,7
great,6
building,6
see,6
seem,6
exotic,6
night,6
feel,5
like,5
luxurious,5
exciting,5
attraction,5
dubai,5
hotel,5
modern,4
many,4
good,4
explore,4
tourist,4
design,4
site,4
ocean,4
cool,4
art,4
food,4
scenery,4
love,4
destination,4
fun,3
incredible,3
gorgeous,3
bright,3
mall,3
scene,3
rich,3
option,3
vacation,3
skyline,2
safe,2
spot,2
elaborate,2
waterfront,2
shopping,2
day,2
appear,2
area,2
appeal,2
inside,2
impress,2
wealthy,2
warm,2
pretty,2
large,2
home,2
location,2
know,2
alot,2
layout,2
sunny,2
landscape,2
easy,2
different,2
relax,2
lively,2
intrigue,2
huge,2
wonder,2
vibrant,2
tour,2
street,2
show,2
unique,2
high,2
cultural,2
center,2
stunning,2
excited,1
vast,1
ground,1
trash,1
motivated,1
organize,1
interactive,1
mind,1
tool,1
classy,1
coast,1
imaginative,1
vista,1
grand,1
quality,1
photo,1
structure,1
temp,1
luxary,1
think,1
tourism,1
unusual,1
believe,1
gallery,1
take,1
choose,1
advantage,1
invest,1
blow,1
breathtake,1
attractive,1
mark,1
please,1
control,1
people,1
luxury,1
stay,1
walk,1
interested,1
local,1
feature,1
landmark,1
culture,1
market,1
mosque,1
breathtaking,1
gear,1
winter,1
formation,1
information,1
kind,1
sit,1
wild,1
leave,1
islamic,1
peninsula,1
new,1
want,1
meet,1
excellent,1
natural,1
base,1
appreciate,1
set,1
variety,1
watch,1
lodging,1
sand,1
travel,1
intriguing,1
shop,1
numerous,1
breath,1
taking,1
centre,1
colorful,1
activity,1
accommodation,1
histroric,1
nightlife,1
time,1
property,1
sophisticated,1
offer,1
weather,1
add,1
welcoming,1
invite,1
tree,1
arch,1
end,1
nighttime,1
veyr,1
canal,1
lagoon,1
excitement,1
tranquil,1
life,1
happy,1
versatile,1
desert,1
game,1
neat,1
interior,1
lighting,1
refine,1
active,1
sea,1
island,1
speaker,1
broad,1
waterpark,1
front,1
slide,1
right,1
accommodate,1
english,1
glamourous,1
blue,1
compare,1
live,1
cater,1
provide,1
potential,1
need,1
scenic,1
map,1
history,1
lifetime,1
least,1
fancy,1
strike,1
size,1
ton,1
road,1
maintain,1
try,1
interest,1
aesthetic,1
crowded,1
comfortable,1
big,1
exclusive,1
belong,1
able,1
navigate,1
