Word,Frequency
beautiful,17
architecture,10
place,10
interesting,9
city,7
visit,7
nice,7
water,5
clean,5
cool,4
view,4
ocean,4
exotic,4
hotel,4
feel,4
dubai,3
site,3
exciting,3
beach,3
great,3
attraction,3
food,3
luxurious,3
option,3
design,3
tour,2
landscape,2
home,2
skyline,2
seem,2
layout,2
see,2
good,2
alot,2
experience,2
rich,2
tourist,2
many,2
impress,2
know,2
modern,2
easy,2
warm,2
building,2
pretty,2
fun,2
large,2
cultural,1
variety,1
lodging,1
set,1
meet,1
like,1
appreciate,1
explore,1
area,1
base,1
natural,1
huge,1
wealthy,1
want,1
new,1
peninsula,1
islamic,1
breathtake,1
sand,1
scene,1
formation,1
please,1
quality,1
high,1
photo,1
choose,1
tool,1
interactive,1
feature,1
excellent,1
watch,1
sit,1
information,1
control,1
mark,1
landmark,1
breathtaking,1
gear,1
winter,1
leave,1
classy,1
mosque,1
market,1
culture,1
vacation,1
local,1
interested,1
walk,1
stay,1
luxury,1
people,1
spot,1
coast,1
wild,1
attractive,1
intriguing,1
island,1
lively,1
vibrant,1
waterfront,1
appeal,1
scenic,1
need,1
potential,1
provide,1
cater,1
live,1
compare,1
different,1
glamourous,1
night,1
elaborate,1
scenery,1
speaker,1
english,1
accommodate,1
right,1
slide,1
front,1
waterpark,1
amazing,1
broad,1
incredible,1
kind,1
vista,1
tourism,1
blow,1
mind,1
day,1
motivated,1
excited,1
sunny,1
vast,1
mall,1
ground,1
trash,1
organize,1
map,1
invest,1
grand,1
gorgeous,1
advantage,1
take,1
gallery,1
art,1
believe,1
safe,1
unusual,1
think,1
imaginative,1
luxary,1
temp,1
navigate,1
